{"cameraMode":{"drawMode":0,"name":"Shaded","section":"Shading Mode"},"sceneLighting":false,"audioPlay":false,"sceneViewState":{"showFog":true,"showMaterialUpdate":false,"showSkybox":true,"showFlares":true,"showImageEffects":true,"showParticleSystems":true},"in2DMode":false,"pivot":{"x":-14.066152572631836,"y":4.673460960388184,"z":-3.806967258453369},"rotation":{"x":0.29305779933929446,"y":0.09099613130092621,"z":-0.02803245186805725,"w":0.9513417482376099},"size":22.0,"orthographic":false}