{"cameraMode":{"drawMode":0,"name":"Shaded","section":"Shading Mode"},"sceneLighting":true,"audioPlay":false,"sceneViewState":{"showFog":true,"showMaterialUpdate":false,"showSkybox":true,"showFlares":true,"showImageEffects":true,"showParticleSystems":true},"in2DMode":false,"pivot":{"x":-9.578326225280762,"y":19.56692886352539,"z":-34.7850341796875},"rotation":{"x":0.24879321455955506,"y":-0.08041555434465409,"z":0.020731378346681596,"w":0.9649899005889893},"size":-18.1243953704834,"orthographic":false}